{
  "after": {
    "archive_bytes": 275859,
    "encode_seconds": 0.587832061,
    "encode_seconds_runs": [
      0.603381729000006,
      0.587832061,
      0.58308126,
      0.588604540999995,
      0.580350034000006
    ],
    "per_byte_chunk_appends": 0,
    "round_trip_verified": true
  },
  "before": {
    "archive_bytes": 275859,
    "encode_seconds": 0.618409790000001,
    "encode_seconds_runs": [
      0.618585543999998,
      0.618409790000001,
      0.626337710000001,
      0.597525258999994,
      0.616102328000011
    ],
    "round_trip_verified": true
  },
  "encode_improvement_percent": 4.944574,
  "measurement": "median of five independent hosted Ubuntu workflow runs per revision",
  "schema_version": 1,
  "size_change_bytes": 0,
  "source_commit": "768e03fc91d05eefc731bbf63a85b8d9c09aa9ce",
  "baseline_commit": "79975608fed5e2ba6b68bca90403dff0bd2cd757",
  "status": "hosted Linux speed win with identical chunks and archive bytes; one chunk-buffer extend per 64 KiB input block replaces per-byte appends"
}
