{
  "baseline_commit": "9a582a1f6a026ab0daaa85e93e1a3e2067c49005",
  "candidate_commit": "79832fb996ecf03207f148782f21589242acad8a",
  "configuration": {
    "batch_runs_per_revision": [
      11,
      22
    ],
    "corpus_seed": 20260629,
    "corpus_unit_size": 65536,
    "kdf_log_n": 14,
    "padding_size": 256,
    "runs_per_revision": 33,
    "warmups_per_revision_per_corpus": 2
  },
  "corpus_v1": {
    "after": {
      "archive_bytes": 275859,
      "encode_seconds_median": 0.21468449999883887,
      "encode_seconds_median_absolute_deviation": 0.005508000002009794,
      "encode_seconds_runs": [
        0.20972679999977117,
        0.20917649999682908,
        0.2203430000008666,
        0.21923949999836623,
        0.23504410000168718,
        0.24386130000129924,
        0.20869840000159456,
        0.20493640000131563,
        0.21977260000130627,
        0.1945419999974547,
        0.22460420000061276,
        0.2195878000020457,
        0.20136819999970612,
        0.2137655000005907,
        0.21425680000174907,
        0.2239095000004454,
        0.22651309999855584,
        0.23279619999811985,
        0.1964122999997926,
        0.2106162999989465,
        0.1961531000015384,
        0.21833230000265758,
        0.21468449999883887,
        0.21544469999935245,
        0.2100127000012435,
        0.21659450000151992,
        0.21807039999839617,
        0.19713670000055572,
        0.21547339999960968,
        0.21326960000078543,
        0.21383380000042962,
        0.2072327000023506,
        0.22201990000030492
      ],
      "maximum_frame_payload": 263510,
      "round_trip_verified": true,
      "unique_chunks": 13
    },
    "archive_improvement_bytes": 0,
    "before": {
      "archive_bytes": 275859,
      "encode_seconds_median": 0.21405239999876358,
      "encode_seconds_median_absolute_deviation": 0.005244100000709295,
      "encode_seconds_runs": [
        0.20822319999933825,
        0.21405239999876358,
        0.22743290000289562,
        0.23397029999978258,
        0.227538099999947,
        0.21983209999962128,
        0.24457189999884577,
        0.21491690000038943,
        0.20219910000014352,
        0.2085356999996293,
        0.21561690000089584,
        0.2033450000017183,
        0.21399099999689497,
        0.22364199999719858,
        0.2224874000021373,
        0.19654989999980899,
        0.21157629999652272,
        0.21929649999947287,
        0.21823829999993904,
        0.19779840000046534,
        0.21147500000006403,
        0.21746989999883226,
        0.2171574000021792,
        0.21152910000091651,
        0.21012850000261096,
        0.21269939999911003,
        0.20742759999848204,
        0.2221720000015921,
        0.20958860000246204,
        0.20904449999943608,
        0.20730410000032862,
        0.2149271000016597,
        0.21924729999955161
      ],
      "maximum_frame_payload": 263510,
      "round_trip_verified": true,
      "unique_chunks": 13
    },
    "candidate_overhead_percent": 0.295302,
    "encode_improvement_percent": -0.295302,
    "manifest_sha256": "7588b726e796b3abf6047ead06101ea63c4e37900bcef5c060f8e36351c82290"
  },
  "corpus_v2": {
    "after": {
      "archive_bytes": 291731,
      "encode_seconds_median": 0.3189502999994147,
      "encode_seconds_median_absolute_deviation": 0.008507600003213156,
      "encode_seconds_runs": [
        0.3282811000026413,
        0.3098223999986658,
        0.32745790000262787,
        0.3189502999994147,
        0.31359119999979157,
        0.31106939999881433,
        0.3102292999974452,
        0.32041080000271904,
        0.33628680000038,
        0.3200695000014093,
        0.31876550000015413,
        0.3196151000011014,
        0.32660289999694214,
        0.30254770000101416,
        0.3286822999980359,
        0.3155287999979919,
        0.32821660000263364,
        0.32163199999922654,
        0.3126771999995981,
        0.34315670000069076,
        0.29582010000012815,
        0.31842609999876004,
        0.30903740000212565,
        0.3231543000001693,
        0.3361618000017188,
        0.3083318999997573,
        0.31687109999984386,
        0.3253895999987435,
        0.31355700000131037,
        0.33084429999871645,
        0.3077746000017214,
        0.30853709999792045,
        0.33609230000001844
      ],
      "maximum_frame_payload": 263510,
      "round_trip_verified": true,
      "unique_chunks": 89
    },
    "archive_improvement_bytes": 0,
    "before": {
      "archive_bytes": 291731,
      "encode_seconds_median": 0.34285689999887836,
      "encode_seconds_median_absolute_deviation": 0.005583399997703964,
      "encode_seconds_runs": [
        0.3432229999998526,
        0.3402786000006017,
        0.3423183000013523,
        0.36327040000105626,
        0.3593338999999105,
        0.34611040000163484,
        0.3349662000000535,
        0.3372735000011744,
        0.32738030000109575,
        0.3485572999998112,
        0.34657660000084434,
        0.34516699999949196,
        0.33675810000204365,
        0.3439328000022215,
        0.3470548000004783,
        0.33501590000014403,
        0.35809059999883175,
        0.33826220000264584,
        0.33889470000212896,
        0.3522112000027846,
        0.32868210000015097,
        0.36288970000168774,
        0.34991140000056475,
        0.3475263000000268,
        0.3397130000012112,
        0.340114699996775,
        0.3269889000002877,
        0.3382939000002807,
        0.34285689999887836,
        0.3654098000006343,
        0.35224879999805125,
        0.32836609999867505,
        0.3402461999976367
      ],
      "maximum_frame_payload": 263510,
      "round_trip_verified": true,
      "unique_chunks": 89
    },
    "encode_improvement_percent": 6.972763,
    "manifest_sha256": "57bd4b92efbdeb8be023b2e1c92c586bebe56f90f5cd219f2df97c8f74f20d13"
  },
  "environment": {
    "machine": "AMD64",
    "platform": "Microsoft Windows 11 10.0.26200",
    "processor": "Intel(R) Core(TM) i7-14650HX",
    "python": "3.13.13"
  },
  "measurement": "MSR2 with one unrecorded warm-up per revision and corpus in each of two batches; 33 alternating independent Windows processes per revision; median internally measured encoder time; identical interpreter, dependencies, password, and generated corpus; every sample authenticated, decoded, and tree-digest verified; candidate source and tests matched the committed candidate SHA",
  "physical_source_opens_per_file": {
    "msc6": {
      "after": 2,
      "before": 3
    },
    "msr1": {
      "after": 1,
      "before": 3
    },
    "msr2": {
      "after": 1,
      "before": 2
    },
    "public_scan_input": {
      "after": 1,
      "before": 1
    },
    "verified_by": "tests/test_one_pass_manifest.py"
  },
  "schema_version": 1,
  "status": "identity binding and one-pass manifest construction preserve locked-corpus archive sizes, unique-chunk counts, frame bounds, and authenticated round trips; corpus v1 is effectively flat within dispersion and corpus v2 improves locally; scoped evidence, not a universal speed or compressor-superiority claim"
}
