{
  "comparisons": {
    "7z": {
      "archive_size": 292831,
      "available": true,
      "decode_seconds": 0.01934989600000847,
      "encode_seconds": 0.25107128700000203,
      "note": "7z defaults; compression only, no encryption",
      "ratio": 0.27877860676861443,
      "supported": true,
      "verified": true
    },
    "gzip": {
      "archive_size": 720445,
      "available": true,
      "decode_seconds": 0.007231690999986995,
      "encode_seconds": 0.035205790999995656,
      "note": "tar + gzip level 6; compression only, no encryption",
      "ratio": 0.6858722380943767,
      "supported": true,
      "verified": true
    },
    "zip": {
      "archive_size": 718214,
      "available": true,
      "decode_seconds": 0.004288352000003215,
      "encode_seconds": 0.03960616300000197,
      "note": "ZIP_DEFLATED level 6; compression only, no encryption",
      "ratio": 0.6837482994686821,
      "supported": true,
      "verified": true
    },
    "zstd": {
      "archive_size": 366090,
      "available": true,
      "decode_seconds": 0.008185240000003091,
      "encode_seconds": 0.009965207999997006,
      "note": "tar + zstd default level; compression only, no encryption",
      "ratio": 0.3485220490724072,
      "supported": true,
      "verified": true
    }
  },
  "configuration": {
    "chunk_size": 65536,
    "kdf_log_n": 14,
    "padding_size": 1024,
    "profile": "balanced"
  },
  "corpus": {
    "manifest_sha256": "7588b726e796b3abf6047ead06101ea63c4e37900bcef5c060f8e36351c82290",
    "seed": 20260629,
    "total_bytes": 1050407,
    "unit_size": 65536,
    "version": 1
  },
  "environment": {
    "machine": "x86_64",
    "platform": "Linux-6.17.0-1018-azure-x86_64-with-glibc2.39",
    "python": "3.13.14"
  },
  "format_version": 6,
  "generated_at_utc": "2026-06-30T17:29:02.340536+00:00",
  "mosaic": {
    "archive_kind": "folder",
    "archive_ratio": 0.4712963641712212,
    "archive_size": 495053,
    "average_features": {
      "ascii_ratio": 0.5564126010521139,
      "byte_repetition_ratio": 0.9883045299677236,
      "delta_smoothness_ratio": 0.10352017330616371,
      "entropy_bits_per_byte": 6.72464466828337,
      "random_looking_ratio": 0.6153846153846154,
      "small_symbol_ratio": 0.045300964500242666,
      "substring_repetition_ratio": 0.24348622552771132,
      "zero_ratio": 0.002628239993277624
    },
    "block_count": 13,
    "compressed_size": 487028,
    "compression_ratio": 0.4636564683974878,
    "cross_file_dedup_saved_bytes": 231887,
    "cross_file_duplicate_chunks": 5,
    "decode_mib_per_second": 24.04858184181549,
    "decode_seconds": 0.041655104000000165,
    "dedup_saved_bytes": 231887,
    "directory_count": 8,
    "duplicate_blocks": 5,
    "duplicate_chunk_count": 5,
    "encode_mib_per_second": 0.4483601538298382,
    "encode_seconds": 2.2342444330000006,
    "file_count": 10,
    "format_version": 6,
    "logical_chunk_count": 18,
    "mode_distribution": {
      "DEFLATE": 5,
      "RAW": 8
    },
    "original_size": 1050407,
    "padded_plaintext_size": 494592,
    "padding_overhead": 7452,
    "peak_memory_bytes": 1199169,
    "round_trip_verified": true,
    "unique_chunk_count": 13
  },
  "package_version": "0.12.0",
  "release": "0.12.0",
  "schema_version": 1,
  "source_commit": "2f34ce290d84c307808a1c8b199f8e0ffa67a45b",
  "tool_versions": {
    "7z": "7-Zip 23.01 (x64) : Copyright (c) 1999-2023 Igor Pavlov : 2023-06-20",
    "gzip": "Python gzip / zlib 1.3",
    "zip": "Python zipfile / zlib 1.3",
    "zstd": "*** Zstandard CLI (64-bit) v1.5.7, by Yann Collet ***"
  }
}
